Workbook

Sheet COMPRAS - PRESUPUESTO VS EJECUT
B3: DATOS DEL PRODUCTOS | F3: Razón Social | G3: Complejo | H3: Departamento | I3: Se crea | J3: Inventario
G4: CLASF1 | H4: CLASF2 | I4: CLASF3 | J4: CLASF4
B5: ID | C5: PRODUCTO | D5: UNIDAD | E5: CANTIDAD | F5: NEGOCIO | G5: SEGMENTO NEGOCIO | H5: PROYECTO | I5: GRUPO | J5: TIPO ENTRADA
J6: COMPRAS
B7: 1 | C7: TIMBRES | D7: UNO | E7: 100 | F7: OPERADORA | G7: CAMPUS | H7: RENTAS | I7: GASTOS DE ADMINISTRACION | J7: COMPRAS
B8: 2 | C8: LLANTAS | D8: PIEZA | E8: 2 | F8: OPERADORA | G8: TRANSPORTE | H8: TRANSPORTE | I8: GASTOS DE MANTTO EQUIPO DE TRANSPORTE | J8: COMPRAS
B9: 3 | C9: JABON | D9: PIEZA | E9: 1500 | F9: OPERADORA | G9: HOTEL | H9: HOTEL | I9: GASTOS DE HOTEL | J9: COMPRAS
B10: 4 | C10: SAPITOS | D10: PIEZA | E10: 50 | F10: OPERADORA | G10: CONDOMINIOS | H10: AB1 | I10: GASTOS DE MANTTO | J10: COMPRAS
B11: 5 | C11: SAPITOS | D11: PIEZA | E11: 75 | F11: OPERADORA | G11: CONDOMINIOS | H11: AB2 | I11: GASTOS DE MANTTO | J11: COMPRAS
B12: 6 | C12: SAPITOS | D12: PIEZA | E12: 100 | F12: OPERADORA | G12: CONDOMINIOS | H12: TMZN122 | I12: GASTOS DE MANTTO | J12: COMPRAS
B13: 7 | C13: TIMBRES | D13: UNO | E13: 50 | F13: OPERADORA | G13: CONDOMINIOS | H13: RENTAS | I13: GASTOS DE ADMINISTRACION | J13: COMPRAS
H16: PRESUPUESTO | I16: EJECUTADO
F17: OPERADORA | I17: =+I18+I23+I28+I33 -> 2860 | J17: =+I17-H17 -> 2860 | K17: =+I17-H17 -> 2860
G18: CAMPUS | I18: =+I19 -> 140
G19: RENTAS | I19: =+I20 -> 140
G20: GASTOS DE ADMINISTRACION | I20: =+I21 -> 140
G21: TIMBRES | I21: 140
G23: TRANSPORTE | I23: =+I24 -> 2000
G24: TRANSPORTE | I24: =+I25 -> 2000
G25: GASTOS DE MANTTO EQUIPO DE TRANSPORTE | I25: =+I26 -> 2000
G26: LLANTAS | I26: 2000
G28: HOTEL | I28: =+I29 -> 500
G29: HOTEL | I29: =+I30 -> 500
G30: GASTOS DE HOTEL | I30: =+I31 -> 500
G31: JABON | I31: 500
G33: CONDOMINIOS | I33: =+I34+I37++I40+I43 -> 220
G34: AB1 | I34: =+I35 -> 10
G35: GASTOS DE MANTTO | I35: =+I36 -> 10
G36: SAPITOS | I36: 10
G37: AB2 | I37: =+I38 -> 20
G38: GASTOS DE MANTTO | I38: =+I39 -> 20
G39: SAPITOS | I39: 20
G40: TMZN122 | I40: =+I41 -> 50
G41: GASTOS DE MANTTO | I41: =+I42 -> 50
G42: SAPITOS | I42: 50
G43: RENTAS | I43: =+I44 -> 140
G44: GASTOS DE ADMINISTRACION | I44: =+I45 -> 140
G45: TIMBRES | I45: 140

Sheet ALMACEN
B1: PERIODO : | C1: MENSUAL
B3: PROYECTO | C3: =+'COMPRAS - PRESUPUESTO VS EJECUT'!H7 -> RENTAS
B5: ID | C5: CONCEPTO | D5: UNIDAD | E5: INVENTARIO INICIAL | F5: ENTRADAS | G5: SALIDAS | H5: INVENTARIO FINAL
B6: =+'COMPRAS - PRESUPUESTO VS EJECUT'!B7 -> 1 | C6: =+'COMPRAS - PRESUPUESTO VS EJECUT'!C7 -> TIMBRES | D6: =+'COMPRAS - PRESUPUESTO VS EJECUT'!D7 -> UNO | E6: =+ALMACEN1!E4 -> 50 | F6: =+'COMPRAS - PRESUPUESTO VS EJECUT'!E7 -> 100 | G6: =+ALMACEN2!E8 -> 92 | H6: =+E6+F6-G6 -> 58
B9: PROYECTO | C9: TRANSPORTE
B11: ID | C11: CONCEPTO | D11: UNIDAD | E11: INVENTARIO INICIAL | F11: ENTRADAS | G11: SALIDAS | H11: INVENTARIO FINAL
B12: =+'COMPRAS - PRESUPUESTO VS EJECUT'!B8 -> 2 | C12: =+'COMPRAS - PRESUPUESTO VS EJECUT'!C8 -> LLANTAS | D12: =+'COMPRAS - PRESUPUESTO VS EJECUT'!D8 -> PIEZA | E12: 0 | F12: =+'COMPRAS - PRESUPUESTO VS EJECUT'!E8 -> 2 | H12: =+E12+F12-G12 -> 2

Sheet ALMACEN1
B2: PROYECTO | C2: RENTAS | F2: CLASF4
B3: ID | C3: CONCEPTO | D3: UNIDAD | E3: INVENTARIO INICIAL | F3: TIPO ENTRADA
B4: 1 | C4: TIMBRES | D4: UNO | E4: 50 | F4: SOBRANTE

Sheet ALMACEN2
B4: PROYECTO | C4: RENTAS | F4: CLASF4
B5: ID | C5: CONCEPTO | D5: UNIDAD | E5: SALIDA ALMACEN | F5: TIPO SALIDA
B6: =+ALMACEN1!B4 -> 1 | C6: =+ALMACEN!C6 -> TIMBRES | D6: =+ALMACEN!D6 -> UNO | E6: 80 | F6: ENTREGA
B7: =+B6 -> 1 | C7: =+C6 -> TIMBRES | D7: =+D6 -> UNO | E7: 12 | F7: MERMA
E8: =SUM(E6:E7) -> 92

Sheet ALMACEN3
B2: KARDEX
B3: PROYECTO | C3: RENTAS
B4: ID | C4: CONCEPTO | D4: UNIDAD | E4: TIPO | F4: ENTRADAS | G4: SALIDAS | H4: ACUMULADO
B5: 1 | C5: TIMBRES | D5: UNO | E5: COMPRAS | F5: =+'COMPRAS - PRESUPUESTO VS EJECUT'!E7 -> 100 | H5: =+F5-G5 -> 100
B6: 1 | C6: TIMBRES | D6: UNO | E6: SOBRANTE | F6: =+ALMACEN1!E4 -> 50 | H6: =+H5+F6-G6 -> 150
B7: 1 | C7: TIMBRES | D7: UNO | E7: ENTREGA | G7: =+ALMACEN2!E6 -> 80 | H7: =+H6+F7-G7 -> 70
B8: 1 | C8: TIMBRES | D8: UNO | E8: MERMA | G8: =+ALMACEN2!E7 -> 12 | H8: =+H7+F8-G8 -> 58
